{
  "seed": 1,
  "initialValue": 3,
  "Multiplier": 5,
  "Increment": 9,
  "uniqueValuesCount": 10,
  "NumberOfRandoms": 10,
  "Modulus": 124,
  "average": 68.3,
  "methods": [
    {
      "name": "TRANSFORMACIÓN INVERSA",
      "results": [
        "7.26 minutos",
        "7.1 minutos",
        "6.32 minutos",
        "3.63 minutos",
        "3.55 minutos",
        "3.15 minutos",
        "1.55 minutos",
        "1.49 minutos",
        "1.23 minutos",
        "0.08 minutos"
      ]
    },
    {
      "name": "DISTRIBUCION UNIFORME CONTINUA",
      "results": [
        "13.508 segundos",
        "13.629 segundos",
        "14.234 segundos",
        "17.258 segundos",
        "17.379 segundos",
        "17.984 segundos",
        "21.008 segundos",
        "21.129 segundos",
        "21.734 segundos",
        "24.758 segundos"
      ]
    },
    {
      "name": "DISTRIBUCION TRIANGULAR",
      "results": [
        "29.672 minutos",
        "29.837 minutos",
        "30.652 minutos",
        "35.113 minutos",
        "35.308 minutos",
        "36.308 minutos",
        "42.129 minutos",
        "42.402 minutos",
        "43.836 minutos",
        "55.601 minutos"
      ]
    }
  ],
  "values": [
    29,
    30,
    35,
    60,
    61,
    66,
    91,
    92,
    97,
    122
  ],
  "normalizedValues": [
    0.23387096774193547,
    0.24193548387096775,
    0.28225806451612906,
    0.4838709677419355,
    0.49193548387096775,
    0.532258064516129,
    0.7338709677419355,
    0.7419354838709677,
    0.782258064516129,
    0.9838709677419355
  ]
}
