{
  "tests": {
    "goodnessOfFitTest": 0.2812499999999999,
    "tTest": 0.15309310892394865,
    "varianceTest": 36.94816195364703,
    "runTest": -1.6890522413463203,
    "pokerTest": 12.035141736250607,
    "seriesTest": 148.34645669291336
  },
  "statisticalTestsDetails": {
    "runTest": {
      "b": 77,
      "mb": 85,
      "variance": 22.433333333333334,
      "z": -1.6890522413463203,
      "rejectNullHypothesis": false
    },
    "pokerTest": {
      "handProbabilities": {
        "onePair": 0.504,
        "twoPairs": 0.108,
        "threeOfAKind": 0.072,
        "poker": 0.009,
        "fiveOfAKind": 0.0001,
        "allDifferent": 0.3069
      },
      "observedFrequencies": {
        "onePair": 58,
        "twoPairs": 7,
        "threeOfAKind": 6,
        "poker": 1,
        "fiveOfAKind": 1,
        "allDifferent": 55
      },
      "expectedFrequencies": {
        "onePair": 64.512,
        "twoPairs": 13.824,
        "threeOfAKind": 9.216,
        "poker": 1.152,
        "fiveOfAKind": 0.0128,
        "allDifferent": 39.2832
      },
      "groupedExpectedThreshold": 5,
      "groupedCategories": [
        "poker",
        "fiveOfAKind"
      ],
      "effectiveObservedFrequencies": {
        "onePair": 58,
        "twoPairs": 7,
        "threeOfAKind": 6,
        "allDifferent": 55,
        "grouped": 2
      },
      "effectiveExpectedFrequencies": {
        "onePair": 64.512,
        "twoPairs": 13.824,
        "threeOfAKind": 9.216,
        "allDifferent": 39.2832,
        "grouped": 1.1647999999999998
      },
      "chiSquare": 12.035141736250607,
      "degreesOfFreedom": 4
    },
    "seriesTest": {
      "k": 11,
      "totalIntervals": 121,
      "expectedFrequency": 1.0495867768595042,
      "observedFrequencies": [
        1,
        2,
        3,
        2,
        2,
        1,
        0,
        0,
        0,
        0,
        0,
        0,
        0,
        0,
        0,
        0,
        1,
        2,
        2,
        3,
        2,
        2,
        3,
        2,
        2,
        3,
        1,
        0,
        0,
        0,
        0,
        0,
        0,
        0,
        0,
        0,
        0,
        1,
        2,
        3,
        2,
        2,
        2,
        0,
        2,
        3,
        2,
        2,
        0,
        0,
        0,
        0,
        0,
        1,
        2,
        0,
        0,
        0,
        0,
        3,
        2,
        2,
        3,
        1,
        0,
        0,
        3,
        2,
        2,
        0,
        0,
        0,
        0,
        0,
        1,
        2,
        2,
        0,
        0,
        0,
        3,
        2,
        2,
        3,
        2,
        0,
        0,
        0,
        2,
        2,
        0,
        0,
        0,
        0,
        0,
        0,
        2,
        3,
        2,
        0,
        1,
        2,
        2,
        3,
        2,
        2,
        0,
        0,
        0,
        0,
        1,
        0,
        0,
        0,
        0,
        0,
        0,
        3,
        2,
        2,
        3
      ],
      "chiSquare": 148.34645669291336,
      "degreesOfFreedom": 120
    }
  },
  "seed": 7,
  "initialValue": 3,
  "Multiplier": 5,
  "Increment": 9,
  "uniqueValuesCount": 128,
  "NumberOfRandoms": 128,
  "Modulus": 128,
  "frequencyTable": [
    {
      "interval": "0.00 - 10.58",
      "lowerLimit": 0,
      "upperLimit": 10.583333333333334,
      "observedFrequency": 11,
      "relativeFrequency": 0.0859375,
      "cumulativeRelativeFrequency": 0.0859375,
      "expectedRelativeFrequency": 0.08333333333333333,
      "absoluteDifference": 0.3333333333333339,
      "expectedInterval": 10.666666666666666,
      "difference": 0.3333333333333339,
      "squaredDifference": 0.11111111111111151,
      "chiSquareContribution": 0.010416666666666704
    },
    {
      "interval": "10.58 - 21.17",
      "lowerLimit": 10.583333333333334,
      "upperLimit": 21.166666666666668,
      "observedFrequency": 11,
      "relativeFrequency": 0.0859375,
      "cumulativeRelativeFrequency": 0.171875,
      "expectedRelativeFrequency": 0.08333333333333333,
      "absoluteDifference": 0.3333333333333339,
      "expectedInterval": 10.666666666666666,
      "difference": 0.3333333333333339,
      "squaredDifference": 0.11111111111111151,
      "chiSquareContribution": 0.010416666666666704
    },
    {
      "interval": "21.17 - 31.75",
      "lowerLimit": 21.166666666666668,
      "upperLimit": 31.75,
      "observedFrequency": 10,
      "relativeFrequency": 0.078125,
      "cumulativeRelativeFrequency": 0.25,
      "expectedRelativeFrequency": 0.08333333333333333,
      "absoluteDifference": 0.6666666666666661,
      "expectedInterval": 10.666666666666666,
      "difference": -0.6666666666666661,
      "squaredDifference": 0.44444444444444364,
      "chiSquareContribution": 0.041666666666666595
    },
    {
      "interval": "31.75 - 42.33",
      "lowerLimit": 31.75,
      "upperLimit": 42.333333333333336,
      "observedFrequency": 11,
      "relativeFrequency": 0.0859375,
      "cumulativeRelativeFrequency": 0.3359375,
      "expectedRelativeFrequency": 0.08333333333333333,
      "absoluteDifference": 0.3333333333333339,
      "expectedInterval": 10.666666666666666,
      "difference": 0.3333333333333339,
      "squaredDifference": 0.11111111111111151,
      "chiSquareContribution": 0.010416666666666704
    },
    {
      "interval": "42.33 - 52.92",
      "lowerLimit": 42.333333333333336,
      "upperLimit": 52.91666666666667,
      "observedFrequency": 10,
      "relativeFrequency": 0.078125,
      "cumulativeRelativeFrequency": 0.4140625,
      "expectedRelativeFrequency": 0.08333333333333333,
      "absoluteDifference": 0.6666666666666661,
      "expectedInterval": 10.666666666666666,
      "difference": -0.6666666666666661,
      "squaredDifference": 0.44444444444444364,
      "chiSquareContribution": 0.041666666666666595
    },
    {
      "interval": "52.92 - 63.50",
      "lowerLimit": 52.91666666666667,
      "upperLimit": 63.50000000000001,
      "observedFrequency": 11,
      "relativeFrequency": 0.0859375,
      "cumulativeRelativeFrequency": 0.5,
      "expectedRelativeFrequency": 0.08333333333333333,
      "absoluteDifference": 0.3333333333333339,
      "expectedInterval": 10.666666666666666,
      "difference": 0.3333333333333339,
      "squaredDifference": 0.11111111111111151,
      "chiSquareContribution": 0.010416666666666704
    },
    {
      "interval": "63.50 - 74.08",
      "lowerLimit": 63.5,
      "upperLimit": 74.08333333333333,
      "observedFrequency": 11,
      "relativeFrequency": 0.0859375,
      "cumulativeRelativeFrequency": 0.5859375,
      "expectedRelativeFrequency": 0.08333333333333333,
      "absoluteDifference": 0.3333333333333339,
      "expectedInterval": 10.666666666666666,
      "difference": 0.3333333333333339,
      "squaredDifference": 0.11111111111111151,
      "chiSquareContribution": 0.010416666666666704
    },
    {
      "interval": "74.08 - 84.67",
      "lowerLimit": 74.08333333333334,
      "upperLimit": 84.66666666666667,
      "observedFrequency": 10,
      "relativeFrequency": 0.078125,
      "cumulativeRelativeFrequency": 0.6640625,
      "expectedRelativeFrequency": 0.08333333333333333,
      "absoluteDifference": 0.6666666666666661,
      "expectedInterval": 10.666666666666666,
      "difference": -0.6666666666666661,
      "squaredDifference": 0.44444444444444364,
      "chiSquareContribution": 0.041666666666666595
    },
    {
      "interval": "84.67 - 95.25",
      "lowerLimit": 84.66666666666667,
      "upperLimit": 95.25,
      "observedFrequency": 11,
      "relativeFrequency": 0.0859375,
      "cumulativeRelativeFrequency": 0.75,
      "expectedRelativeFrequency": 0.08333333333333333,
      "absoluteDifference": 0.3333333333333339,
      "expectedInterval": 10.666666666666666,
      "difference": 0.3333333333333339,