{
  "seed": 1,
  "initialValue": 3,
  "Multiplier": 5,
  "Increment": 9,
  "uniqueValuesCount": 12,
  "NumberOfRandoms": 24,
  "Modulus": 124,
  "average": 67.5,
  "methods": [
    {
      "name": "TRANSFORMACIÓN INVERSA",
      "results": {
        "values": [
          "Inspección: 2.91 minutos, Lijado: 11.4 minutos",
          "Inspección: 2.84 minutos, Lijado: 11.45 minutos",
          "Inspección: 2.53 minutos, Lijado: 11.69 minutos",
          "Inspección: 1.45 minutos, Lijado: 12.9 minutos",
          "Inspección: 1.42 minutos, Lijado: 12.95 minutos",
          "Inspección: 1.26 minutos, Lijado: 13.19 minutos",
          "Inspección: 0.62 minutos, Lijado: 14.4 minutos",
          "Inspección: 0.6 minutos, Lijado: 14.45 minutos",
          "Inspección: 0.49 minutos, Lijado: 14.69 minutos",
          "Inspección: 0.03 minutos, Lijado: 15.9 minutos",
          "Inspección: 0.02 minutos, Lijado: 15.95 minutos",
          "Inspección: 6.87 minutos, Lijado: 10.19 minutos",
          "Inspección: 2.91 minutos, Lijado: 11.4 minutos",
          "Inspección: 2.84 minutos, Lijado: 11.45 minutos",
          "Inspección: 2.53 minutos, Lijado: 11.69 minutos",
          "Inspección: 1.45 minutos, Lijado: 12.9 minutos",
          "Inspección: 1.42 minutos, Lijado: 12.95 minutos",
          "Inspección: 1.26 minutos, Lijado: 13.19 minutos",
          "Inspección: 0.62 minutos, Lijado: 14.4 minutos",
          "Inspección: 0.6 minutos, Lijado: 14.45 minutos",
          "Inspección: 0.49 minutos, Lijado: 14.69 minutos",
          "Inspección: 0.03 minutos, Lijado: 15.9 minutos",
          "Inspección: 0.02 minutos, Lijado: 15.95 minutos",
          "Inspección: 6.87 minutos, Lijado: 10.19 minutos"
        ]
      }
    }
  ],
  "values": [
    29,
    30,
    35,
    60,
    61,
    66,
    91,
    92,
    97,
    122,
    123,
    4,
    29,
    30,
    35,
    60,
    61,
    66,
    91,
    92,
    97,
    122,
    123,
    4
  ],
  "normalizedValues": [
    0.23387096774193547,
    0.24193548387096775,
    0.28225806451612906,
    0.4838709677419355,
    0.49193548387096775,
    0.532258064516129,
    0.7338709677419355,
    0.7419354838709677,
    0.782258064516129,
    0.9838709677419355,
    0.9919354838709677,
    0.03225806451612903,
    0.23387096774193547,
    0.24193548387096775,
    0.28225806451612906,
    0.4838709677419355,
    0.49193548387096775,
    0.532258064516129,
    0.7338709677419355,
    0.7419354838709677,
    0.782258064516129,
    0.9838709677419355,
    0.9919354838709677,
    0.03225806451612903
  ]
}
