{
  "seed": 7,
  "initialValue": 3,
  "Multiplier": 5,
  "Increment": 9,
  "uniqueValuesCount": 128,
  "NumberOfRandoms": 128,
  "Modulus": 128,
  "values": [
    59,
    48,
    121,
    102,
    7,
    44,
    101,
    2,
    19,
    104,
    17,
    94,
    95,
    100,
    125,
    122,
    107,
    32,
    41,
    86,
    55,
    28,
    21,
    114,
    67,
    88,
    65,
    78,
    15,
    84,
    45,
    106,
    27,
    16,
    89,
    70,
    103,
    12,
    69,
    98,
    115,
    72,
    113,
    62,
    63,
    68,
    93,
    90,
    75,
    0,
    9,
    54,
    23,
    124,
    117,
    82,
    35,
    56,
    33,
    46,
    111,
    52,
    13,
    74,
    123,
    112,
    57,
    38,
    71,
    108,
    37,
    66,
    83,
    40,
    81,
    30,
    31,
    36,
    61,
    58,
    43,
    96,
    105,
    22,
    119,
    92,
    85,
    50,
    3,
    24,
    1,
    14,
    79,
    20,
    109,
    42,
    91,
    80,
    25,
    6,
    39,
    76,
    5,
    34,
    51,
    8,
    49,
    126,
    127,
    4,
    29,
    26,
    11,
    64,
    73,
    118,
    87,
    60,
    53,
    18,
    99,
    120,
    97,
    110,
    47,
    116,
    77,
    10
  ],
  "normalizedValues": [
    0.4609375,
    0.375,
    0.9453125,
    0.796875,
    0.0546875,
    0.34375,
    0.7890625,
    0.015625,
    0.1484375,
    0.8125,
    0.1328125,
    0.734375,
    0.7421875,
    0.78125,
    0.9765625,
    0.953125,
    0.8359375,
    0.25,
    0.3203125,
    0.671875,
    0.4296875,
    0.21875,
    0.1640625,
    0.890625,
    0.5234375,
    0.6875,
    0.5078125,
    0.609375,
    0.1171875,
    0.65625,
    0.3515625,
    0.828125,
    0.2109375,
    0.125,
    0.6953125,
    0.546875,
    0.8046875,
    0.09375,
    0.5390625,
    0.765625,
    0.8984375,
    0.5625,
    0.8828125,
    0.484375,
    0.4921875,
    0.53125,
    0.7265625,
    0.703125,
    0.5859375,
    0,
    0.0703125,
    0.421875,
    0.1796875,
    0.96875,
    0.9140625,
    0.640625,
    0.2734375,
    0.4375,
    0.2578125,
    0.359375,
    0.8671875,
    0.40625,
    0.1015625,
    0.578125,
    0.9609375,
    0.875,
    0.4453125,
    0.296875,
    0.5546875,
    0.84375,
    0.2890625,
    0.515625,
    0.6484375,
    0.3125,
    0.6328125,
    0.234375,
    0.2421875,
    0.28125,
    0.4765625,
    0.453125,
    0.3359375,
    0.75,
    0.8203125,
    0.171875,
    0.9296875,
    0.71875,
    0.6640625,
    0.390625,
    0.0234375,
    0.1875,
    0.0078125,
    0.109375,
    0.6171875,
    0.15625,
    0.8515625,
    0.328125,
    0.7109375,
    0.625,
    0.1953125,
    0.046875,
    0.3046875,
    0.59375,
    0.0390625,
    0.265625,
    0.3984375,
    0.0625,
    0.3828125,
    0.984375,
    0.9921875,
    0.03125,
    0.2265625,
    0.203125,
    0.0859375,
    0.5,
    0.5703125,
    0.921875,
    0.6796875,
    0.46875,
    0.4140625,
    0.140625,
    0.7734375,
    0.9375,
    0.7578125,
    0.859375,
    0.3671875,
    0.90625,
    0.6015625,
    0.078125
  ]
}
