{
  "tests": {
    "goodnessOfFitTest": 1.897058823529412,
    "tTest": 0.767966108584111,
    "varianceTest": 19.08824113974113,
    "runTest": -1.1660932085836089,
    "pokerTest": 8.436000735159363,
    "seriesTest": 56.22388059701491
  },
  "statisticalTestsDetails": {
    "runTest": {
      "b": 41,
      "mb": 45,
      "variance": 11.766666666666667,
      "z": -1.1660932085836089,
      "rejectNullHypothesis": false
    },
    "pokerTest": {
      "handProbabilities": {
        "onePair": 0.504,
        "twoPairs": 0.108,
        "threeOfAKind": 0.072,
        "poker": 0.009,
        "fiveOfAKind": 0.0001,
        "allDifferent": 0.3069
      },
      "observedFrequencies": {
        "onePair": 30,
        "twoPairs": 3,
        "threeOfAKind": 3,
        "poker": 0,
        "fiveOfAKind": 1,
        "allDifferent": 31
      },
      "expectedFrequencies": {
        "onePair": 34.272,
        "twoPairs": 7.344,
        "threeOfAKind": 4.896,
        "poker": 0.612,
        "fiveOfAKind": 0.0068000000000000005,
        "allDifferent": 20.8692
      },
      "groupedExpectedThreshold": 5,
      "groupedCategories": [
        "threeOfAKind",
        "poker",
        "fiveOfAKind"
      ],
      "effectiveObservedFrequencies": {
        "onePair": 30,
        "twoPairs": 3,
        "allDifferent": 31,
        "grouped": 4
      },
      "effectiveExpectedFrequencies": {
        "onePair": 34.272,
        "twoPairs": 7.344,
        "allDifferent": 20.8692,
        "grouped": 5.5148
      },
      "chiSquare": 8.436000735159363,
      "degreesOfFreedom": 3
    },
    "seriesTest": {
      "k": 8,
      "totalIntervals": 64,
      "expectedFrequency": 1.046875,
      "observedFrequencies": [
        1,
        1,
        1,
        1,
        2,
        1,
        0,
        0,
        0,
        2,
        0,
        0,
        0,
        2,
        1,
        2,
        0,
        0,
        2,
        1,
        0,
        1,
        3,
        0,
        1,
        2,
        2,
        2,
        1,
        0,
        0,
        1,
        2,
        0,
        0,
        0,
        1,
        2,
        2,
        2,
        0,
        0,
        2,
        1,
        3,
        2,
        1,
        0,
        3,
        2,
        1,
        1,
        0,
        0,
        0,
        2,
        0,
        0,
        0,
        2,
        2,
        1,
        2,
        3
      ],
      "chiSquare": 56.22388059701491,
      "degreesOfFreedom": 63
    }
  },
  "seed": 7,
  "initialValue": 3,
  "Multiplier": 5,
  "Increment": 9,
  "uniqueValuesCount": 68,
  "NumberOfRandoms": 68,
  "Modulus": 128,
  "frequencyTable": [
    {
      "interval": "0.00 - 13.89",
      "lowerLimit": 0,
      "upperLimit": 13.88888888888889,
      "observedFrequency": 6,
      "relativeFrequency": 0.08823529411764706,
      "cumulativeRelativeFrequency": 0.08823529411764706,
      "expectedRelativeFrequency": 0.1111111111111111,
      "absoluteDifference": 1.5555555555555554,
      "expectedInterval": 7.555555555555555,
      "difference": -1.5555555555555554,
      "squaredDifference": 2.4197530864197523,
      "chiSquareContribution": 0.32026143790849665
    },
    {
      "interval": "13.89 - 27.78",
      "lowerLimit": 13.88888888888889,
      "upperLimit": 27.77777777777778,
      "observedFrequency": 7,
      "relativeFrequency": 0.10294117647058823,
      "cumulativeRelativeFrequency": 0.19117647058823528,
      "expectedRelativeFrequency": 0.1111111111111111,
      "absoluteDifference": 0.5555555555555554,
      "expectedInterval": 7.555555555555555,
      "difference": -0.5555555555555554,
      "squaredDifference": 0.30864197530864174,
      "chiSquareContribution": 0.04084967320261435
    },
    {
      "interval": "27.78 - 41.67",
      "lowerLimit": 27.77777777777778,
      "upperLimit": 41.66666666666667,
      "observedFrequency": 6,
      "relativeFrequency": 0.08823529411764706,
      "cumulativeRelativeFrequency": 0.27941176470588236,
      "expectedRelativeFrequency": 0.1111111111111111,
      "absoluteDifference": 1.5555555555555554,
      "expectedInterval": 7.555555555555555,
      "difference": -1.5555555555555554,
      "squaredDifference": 2.4197530864197523,
      "chiSquareContribution": 0.32026143790849665
    },
    {
      "interval": "41.67 - 55.56",
      "lowerLimit": 41.66666666666667,
      "upperLimit": 55.55555555555556,
      "observedFrequency": 7,
      "relativeFrequency": 0.10294117647058823,
      "cumulativeRelativeFrequency": 0.38235294117647056,
      "expectedRelativeFrequency": 0.1111111111111111,
      "absoluteDifference": 0.5555555555555554,
      "expectedInterval": 7.555555555555555,
      "difference": -0.5555555555555554,
      "squaredDifference": 0.30864197530864174,
      "chiSquareContribution": 0.04084967320261435
    },
    {
      "interval": "55.56 - 69.44",
      "lowerLimit": 55.55555555555556,
      "upperLimit": 69.44444444444444,
      "observedFrequency": 9,
      "relativeFrequency": 0.1323529411764706,
      "cumulativeRelativeFrequency": 0.5147058823529411,
      "expectedRelativeFrequency": 0.1111111111111111,
      "absoluteDifference": 1.4444444444444446,
      "expectedInterval": 7.555555555555555,
      "difference": 1.4444444444444446,
      "squaredDifference": 2.08641975308642,
      "chiSquareContribution": 0.2761437908496733
    },
    {
      "interval": "69.44 - 83.33",
      "lowerLimit": 69.44444444444444,
      "upperLimit": 83.33333333333333,
      "observedFrequency": 6,
      "relativeFrequency": 0.08823529411764706,
      "cumulativeRelativeFrequency": 0.6029411764705882,
      "expectedRelativeFrequency": 0.1111111111111111,
      "absoluteDifference": 1.5555555555555554,
      "expectedInterval": 7.555555555555555,
      "difference": -1.5555555555555554,
      "squaredDifference": 2.4197530864197523,
      "chiSquareContribution": 0.32026143790849665
    },
    {
      "interval": "83.33 - 97.22",
      "lowerLimit": 83.33333333333334,
      "upperLimit": 97.22222222222223,
      "observedFrequency": 8,
      "relativeFrequency": 0.11764705882352941,
      "cumulativeRelativeFrequency": 0.7205882352941176,
      "expectedRelativeFrequency": 0.1111111111111111,
      "absoluteDifference": 0.44444444444444464,
      "expectedInterval": 7.555555555555555,
      "difference": 0.44444444444444464,
      "squaredDifference": 0.19753086419753105,
      "chiSquareContribution": 0.026143790849673228
    },
    {
      "interval": "97.22 - 111.11",
      "lowerLimit": 97.22222222222223,
      "upperLimit": 111.11111111111111,
      "observedFrequency": 9,
      "relativeFrequency": 0.1323529411764706,
      "cumulativeRelativeFrequency": 0.8529411764705882,
      "expectedRelativeFrequency": 0.1111111111111111,
      "absoluteDifference": 1.4444444444444446,
      "expectedInterval": 7.555555555555555,
      "difference": 1.4444444444444446,
      "squaredDifference": 2.08641975308642,
      "chiSquareContribution": 0.2761437908496733
    },
    {
      "interval": "111.11 - 125.00",
      "lowerLimit": 111.11111111111111,
      "upperLimit": 125,
      "observedFrequency": 9,
      "relativeFrequency": 0.1323529411764706,
      "cumulativeRelativeFrequency": 0.9852941176470588,
      "expectedRelativeFrequency": 0.1111111111111111,
      "absoluteDifference": 1.4444444444444446,
      "expectedInterval": 7.555555555555555,
      "difference": 1.4444444444444446,
      "squaredDifference": 2.08641975308642,
      "chiSquareContribution": 0.2761437908496733
    }
  ],
  "extraDetails": {
    "mean": 67.44117647058823,
    "standardError": 36.43704577072996,
    "median": 68.5,